,precision,recall,f1-score,support
ambulance,0.75,0.8125,0.78,48.0
firetruck,0.8157894736842105,0.6458333333333334,0.7209302325581395,48.0
traffic,0.8888888888888888,1.0,0.9411764705882353,48.0
accuracy,0.8194444444444444,0.8194444444444444,0.8194444444444444,0.8194444444444444
macro avg,0.8182261208576999,0.8194444444444445,0.8140355677154583,144.0
weighted avg,0.8182261208576997,0.8194444444444444,0.8140355677154583,144.0
